	Face_prob	Face_boxes	Face_num_faces	Face_area	Face_areas	Face_ratio
10447040743	0	[]	0	0.0	[]	0.0
11410917615	0	[]	0	0.0	[]	0.0
11410942296	0	[]	0	0.0	[]	0.0
11410960914	0	[]	0	0.0	[]	0.0
11411050763	0	[]	0	0.0	[]	0.0
11411051643	0	[]	0	0.0	[]	0.0
12662658623	0	[]	0	0.0	[]	0.0
1490891732	0	[]	0	0.0	[]	0.0
14972167107	0	[]	0	0.0	[]	0.0
17386372628	0	[]	0	0.0	[]	0.0
17386584360	0	[]	0	0.0	[]	0.0
17571859162	0	[]	0	0.0	[]	0.0
17574240115	0	[]	0	0.0	[]	0.0
17719496970	0	[]	0	0.0	[]	0.0
1849994347	0	[]	0	0.0	[]	0.0
19110627988	0	[]	0	0.0	[]	0.0
20463097348	0	[]	0	0.0	[]	0.0
2062934205	0	[]	0	0.0	[]	0.0
2376914927	0	[]	0	0.0	[]	0.0
25972748024	0.8494579792022705	[[ 16.429949 126.67259   33.46132  147.77182 ]]	1	359.34875	[359.34875]	0.015971055772569444
268452696	0	[]	0	0.0	[]	0.0
268453064	0	[]	0	0.0	[]	0.0
27428552011	0	[]	0	0.0	[]	0.0
27672517086	0	[]	0	0.0	[]	0.0
2905507183	0	[]	0	0.0	[]	0.0
2905509879	0	[]	0	0.0	[]	0.0
2905509961	0	[]	0	0.0	[]	0.0
2905510835	0	[]	0	0.0	[]	0.0
2905511047	0	[]	0	0.0	[]	0.0
2906351222	0	[]	0	0.0	[]	0.0
2906351578	0	[]	0	0.0	[]	0.0
2906352906	0	[]	0	0.0	[]	0.0
2906353514	0	[]	0	0.0	[]	0.0
29518259415	0	[]	0	0.0	[]	0.0
30792297392	0	[]	0	0.0	[]	0.0
31068354802	0	[]	0	0.0	[]	0.0
317780890	0	[]	0	0.0	[]	0.0
3178191373	0	[]	0	0.0	[]	0.0
3179039042	0	[]	0	0.0	[]	0.0
3191533958	0	[]	0	0.0	[]	0.0
3437542620	0	[]	0	0.0	[]	0.0
3450441421	0	[]	0	0.0	[]	0.0
3450834782	0	[]	0	0.0	[]	0.0
3866165060	0	[]	0	0.0	[]	0.0
4065494673	0	[]	0	0.0	[]	0.0
4236938155	0	[]	0	0.0	[]	0.0
4243272545	0	[]	0	0.0	[]	0.0
4244045370	0	[]	0	0.0	[]	0.0
4309002299	0	[]	0	0.0	[]	0.0
4460356883	0	[]	0	0.0	[]	0.0
4507092593	0	[]	0	0.0	[]	0.0
4543060949	0	[]	0	0.0	[]	0.0
4605186321	0	[]	0	0.0	[]	0.0
4605193055	0	[]	0	0.0	[]	0.0
4605199545	0	[]	0	0.0	[]	0.0
4605226273	0	[]	0	0.0	[]	0.0
4605836344	0	[]	0	0.0	[]	0.0
4605849714	0	[]	0	0.0	[]	0.0
4605864136	0	[]	0	0.0	[]	0.0
4668821077	0	[]	0	0.0	[]	0.0
4679706471	0	[]	0	0.0	[]	0.0
4715420059	0	[]	0	0.0	[]	0.0
4768253985	0	[]	0	0.0	[]	0.0
4885636235	0	[]	0	0.0	[]	0.0
4954300517	0	[]	0	0.0	[]	0.0
4962598265	0	[]	0	0.0	[]	0.0
5108346476	0	[]	0	0.0	[]	0.0
5129064196	0	[]	0	0.0	[]	0.0
5154172887	0	[]	0	0.0	[]	0.0
5154782904	0	[]	0	0.0	[]	0.0
5154783884	0	[]	0	0.0	[]	0.0
5177535636	0	[]	0	0.0	[]	0.0
5177535944	0	[]	0	0.0	[]	0.0
5179286130	0	[]	0	0.0	[]	0.0
5185373603	0	[]	0	0.0	[]	0.0
5306734691	0	[]	0	0.0	[]	0.0
5337150734	0	[]	0	0.0	[]	0.0
5346709413	0	[]	0	0.0	[]	0.0
5347314474	0	[]	0	0.0	[]	0.0
5367560063	0	[]	0	0.0	[]	0.0
5367601983	0	[]	0	0.0	[]	0.0
5367612421	0	[]	0	0.0	[]	0.0
5368180164	0	[]	0	0.0	[]	0.0
5445740467	0	[]	0	0.0	[]	0.0
5453045196	0	[]	0	0.0	[]	0.0
5453045608	0	[]	0	0.0	[]	0.0
5516544694	0	[]	0	0.0	[]	0.0
5594479203	0	[]	0	0.0	[]	0.0
5594673849	0	[]	0	0.0	[]	0.0
5716546551	0	[]	0	0.0	[]	0.0
5717112214	0	[]	0	0.0	[]	0.0
5742269246	0	[]	0	0.0	[]	0.0
5745602707	0	[]	0	0.0	[]	0.0
5979529806	0	[]	0	0.0	[]	0.0
5995796788	0	[]	0	0.0	[]	0.0
6201541098	0	[]	0	0.0	[]	0.0
6223752162	0	[]	0	0.0	[]	0.0
6233554518	0	[]	0	0.0	[]	0.0
6697140409	0	[]	0	0.0	[]	0.0
6794778644	0	[]	0	0.0	[]	0.0
6826557108	0	[]	0	0.0	[]	0.0
6915147237	0	[]	0	0.0	[]	0.0
6976914111	0	[]	0	0.0	[]	0.0
7033322261	0	[]	0	0.0	[]	0.0
7112579585	0	[]	0	0.0	[]	0.0
7201380534	0	[]	0	0.0	[]	0.0
7413130492	0	[]	0	0.0	[]	0.0
7413139268	0	[]	0	0.0	[]	0.0
7413142930	0	[]	0	0.0	[]	0.0
7413148424	0	[]	0	0.0	[]	0.0
7481815274	0	[]	0	0.0	[]	0.0
7762547004	0	[]	0	0.0	[]	0.0
7762549262	0	[]	0	0.0	[]	0.0
8368277374	0	[]	0	0.0	[]	0.0
8419682725	0	[]	0	0.0	[]	0.0
8420156661	0	[]	0	0.0	[]	0.0
8424007470	0	[]	0	0.0	[]	0.0
8427073617	0	[]	0	0.0	[]	0.0
8427109475	0	[]	0	0.0	[]	0.0
8428130052	0	[]	0	0.0	[]	0.0
8489080526	0	[]	0	0.0	[]	0.0
90659387	0	[]	0	0.0	[]	0.0
9631401914	0	[]	0	0.0	[]	0.0
10446873124	0	[]	0	0.0	[]	0.0
10880079555	0	[]	0	0.0	[]	0.0
10880241374	0	[]	0	0.0	[]	0.0
10880363303	0	[]	0	0.0	[]	0.0
10880397743	0	[]	0	0.0	[]	0.0
11017721134	0	[]	0	0.0	[]	0.0
11314578526	0.9045751094818115	[[76.59946  20.640127 84.29251  32.816338]]	1	93.67225	[93.67225]	0.004163211059570312
11316625716	0	[]	0	0.0	[]	0.0
12875196943	0	[]	0	0.0	[]	0.0
14833026713	0	[]	0	0.0	[]	0.0
15356585294	0	[]	0	0.0	[]	0.0
16232324456	0	[]	0	0.0	[]	0.0
16951548584	0	[]	0	0.0	[]	0.0
17571938352	0	[]	0	0.0	[]	0.0
19408454158	0	[]	0	0.0	[]	0.0
20348117764	0	[]	0	0.0	[]	0.0
212281505	0	[]	0	0.0	[]	0.0
21270100999	0	[]	0	0.0	[]	0.0
2186816948	0	[]	0	0.0	[]	0.0
2272275768	0	[]	0	0.0	[]	0.0
2301214277	0	[]	0	0.0	[]	0.0
23201728873	0	[]	0	0.0	[]	0.0
23460576909	0	[]	0	0.0	[]	0.0
23460581319	0	[]	0	0.0	[]	0.0
2365369199	0.9811940789222717	[[124.79909   49.62526  135.96722   61.550846]]	1	133.18658	[133.18658]	0.005919403754340278
2370612026	0	[]	0	0.0	[]	0.0
2370631830	0	[]	0	0.0	[]	0.0
2370652466	0	[]	0	0.0	[]	0.0
2407962808	0	[]	0	0.0	[]	0.0
2516729693	0	[]	0	0.0	[]	0.0
2561056188	0	[]	0	0.0	[]	0.0
2561056194	0	[]	0	0.0	[]	0.0
26088716163	0	[]	0	0.0	[]	0.0
26456884680	0	[]	0	0.0	[]	0.0
26665906476	0	[]	0	0.0	[]	0.0
26726511325	0	[]	0	0.0	[]	0.0
27135322420	0	[]	0	0.0	[]	0.0
2718857273	0	[]	0	0.0	[]	0.0
2719680174	0	[]	0	0.0	[]	0.0
2719680516	0	[]	0	0.0	[]	0.0
2719680722	0	[]	0	0.0	[]	0.0
2730008832	0	[]	0	0.0	[]	0.0
27743449434	0	[]	0	0.0	[]	0.0
2792829568	0	[]	0	0.0	[]	0.0
28115006072	0	[]	0	0.0	[]	0.0
30173400753	0	[]	0	0.0	[]	0.0
30173415023	0	[]	0	0.0	[]	0.0
30389654355	0	[]	0	0.0	[]	0.0
3055270671	0	[]	0	0.0	[]	0.0
30720032551	0	[]	0	0.0	[]	0.0
30772101826	0	[]	0	0.0	[]	0.0
30839523141	0	[]	0	0.0	[]	0.0
3087070278	0	[]	0	0.0	[]	0.0
3166885568	0	[]	0	0.0	[]	0.0
31767694666	0	[]	0	0.0	[]	0.0
317780827	0	[]	0	0.0	[]	0.0
3178206087	0	[]	0	0.0	[]	0.0
3179046826	0	[]	0	0.0	[]	0.0
3179412578	0	[]	0	0.0	[]	0.0
31879313150	0	[]	0	0.0	[]	0.0
3191426576	0	[]	0	0.0	[]	0.0
3224146340	0	[]	0	0.0	[]	0.0
3224146458	0	[]	0	0.0	[]	0.0
3607130535	0	[]	0	0.0	[]	0.0
3607131673	0	[]	0	0.0	[]	0.0
3607134745	0	[]	0	0.0	[]	0.0
3607950652	0.9992451667785645	[[ 24.727331 114.8695    38.964626 134.84454 ]]	1	284.3906	[284.3906]	0.012639581976996528
3607951616	0	[]	0	0.0	[]	0.0
3804761422	0	[]	0	0.0	[]	0.0
3830392598	0	[]	0	0.0	[]	0.0
3942470908	0	[]	0	0.0	[]	0.0
3945301003	0	[]	0	0.0	[]	0.0
3946085654	0	[]	0	0.0	[]	0.0
4026683616	0	[]	0	0.0	[]	0.0
406752724	0	[]	0	0.0	[]	0.0
4163859870	0	[]	0	0.0	[]	0.0
4177360840	0	[]	0	0.0	[]	0.0
4231780013	0	[]	0	0.0	[]	0.0
4243270423	0.8487714529037476	[[77.41456  55.115692 97.072205 78.79264 ]]	1	465.43307	[465.43307]	0.020685914442274307
4244043952	0	[]	0	0.0	[]	0.0
4244044554	0	[]	0	0.0	[]	0.0
4258006053	0	[]	0	0.0	[]	0.0
4308866529	0	[]	0	0.0	[]	0.0
4309023651	0	[]	0	0.0	[]	0.0
4322712434	0	[]	0	0.0	[]	0.0
4334164703	0	[]	0	0.0	[]	0.0
445508446	0	[]	0	0.0	[]	0.0
4466824916	0	[]	0	0.0	[]	0.0
4466828380	0	[]	0	0.0	[]	0.0
4530807767	0	[]	0	0.0	[]	0.0
4535610745	0	[]	0	0.0	[]	0.0
4605182699	0.7216514945030212	[[ 99.93996   31.809887 148.72783   88.96502 ]]	1	2788.4773	[2788.4773]	0.12393232421875
4605201545	0	[]	0	0.0	[]	0.0
4605216739	0.9218018651008606	[[79.167786 63.09323  98.16411  87.84486 ]]	1	470.18985	[470.18985]	0.02089732666015625
4605219117	0	[]	0	0.0	[]	0.0
4605248575	0	[]	0	0.0	[]	0.0
4605798680	0	[]	0	0.0	[]	0.0
4605803458	0	[]	0	0.0	[]	0.0
4605804424	0	[]	0	0.0	[]	0.0
4605832272	0	[]	0	0.0	[]	0.0
4605833086	0	[]	0	0.0	[]	0.0
4605861486	0	[]	0	0.0	[]	0.0
4605862444	0	[]	0	0.0	[]	0.0
4605866420	0	[]	0	0.0	[]	0.0
4733958265	0	[]	0	0.0	[]	0.0
4750618314	0	[]	0	0.0	[]	0.0
4768260321	0	[]	0	0.0	[]	0.0
4768892616	0	[]	0	0.0	[]	0.0
4796358678	0	[]	0	0.0	[]	0.0
4877217112	0	[]	0	0.0	[]	0.0
4951805579	0.919032633304596	[[84.92941  48.732094 93.67558  60.627056]]	1	104.03536	[104.03536]	0.00462379387749566
4963301030	0	[]	0	0.0	[]	0.0
4963303974	0.8902294635772705	[[53.321728 53.048656 75.75358  79.20581 ]]	1	586.75336	[586.75336]	0.026077926974826388
4976892075	0	[]	0	0.0	[]	0.0
4976906139	0	[]	0	0.0	[]	0.0
4977175249	0	[]	0	0.0	[]	0.0
4977501928	0	[]	0	0.0	[]	0.0
4977502582	0	[]	0	0.0	[]	0.0
4977515792	0	[]	0	0.0	[]	0.0
5074422714	0	[]	0	0.0	[]	0.0
5107742607	0	[]	0	0.0	[]	0.0
5107749393	0	[]	0	0.0	[]	0.0
5107752719	0	[]	0	0.0	[]	0.0
5107753629	0	[]	0	0.0	[]	0.0
5108341334	0	[]	0	0.0	[]	0.0
5108342396	0	[]	0	0.0	[]	0.0
5108353000	0	[]	0	0.0	[]	0.0
5115394083	0	[]	0	0.0	[]	0.0
5116013430	0	[]	0	0.0	[]	0.0
5140451238	0	[]	0	0.0	[]	0.0
5144843107	0	[]	0	0.0	[]	0.0
5149191415	0	[]	0	0.0	[]	0.0
5156982339	0	[]	0	0.0	[]	0.0
5306728815	0	[]	0	0.0	[]	0.0
5306729785	0	[]	0	0.0	[]	0.0
5333164889	0	[]	0	0.0	[]	0.0
5335204921	0	[]	0	0.0	[]	0.0
5336338797	0	[]	0	0.0	[]	0.0
5337153746	0	[]	0	0.0	[]	0.0
5346706295	0	[]	0	0.0	[]	0.0
5347318456	0	[]	0	0.0	[]	0.0
5347321962	0	[]	0	0.0	[]	0.0
5347865570	0	[]	0	0.0	[]	0.0
5367604355	0	[]	0	0.0	[]	0.0
5368174432	0	[]	0	0.0	[]	0.0
5368217354	0	[]	0	0.0	[]	0.0
5594472557	0	[]	0	0.0	[]	0.0
5594682657	0	[]	0	0.0	[]	0.0
5648955999	0	[]	0	0.0	[]	0.0
5677342538	0	[]	0	0.0	[]	0.0
5686495420	0	[]	0	0.0	[]	0.0
5690213807	0	[]	0	0.0	[]	0.0
5697275121	0	[]	0	0.0	[]	0.0
5697287855	0	[]	0	0.0	[]	0.0
5714165027	0.7454897165298462	[[119.18741   45.015247 141.35391   69.75131 ]]	1	548.3121	[548.3121]	0.024369425455729166
5717765651	0	[]	0	0.0	[]	0.0
5745619893	0	[]	0	0.0	[]	0.0
5873693301	0	[]	0	0.0	[]	0.0
5873714711	0	[]	0	0.0	[]	0.0
5874244750	0	[]	0	0.0	[]	0.0
5878475524	0	[]	0	0.0	[]	0.0
5940367497	0	[]	0	0.0	[]	0.0
5971424701	0	[]	0	0.0	[]	0.0
5978989851	0	[]	0	0.0	[]	0.0
6108141517	0	[]	0	0.0	[]	0.0
6139787458	0	[]	0	0.0	[]	0.0
6201542028	0	[]	0	0.0	[]	0.0
6202517398	0	[]	0	0.0	[]	0.0
6203131862	0	[]	0	0.0	[]	0.0
6203702795	0	[]	0	0.0	[]	0.0
6223244343	0	[]	0	0.0	[]	0.0
6377040081	0	[]	0	0.0	[]	0.0
6410915689	0	[]	0	0.0	[]	0.0
6481423953	0	[]	0	0.0	[]	0.0
6510686391	0	[]	0	0.0	[]	0.0
6510686751	0	[]	0	0.0	[]	0.0
6510687027	0	[]	0	0.0	[]	0.0
6615507995	0	[]	0	0.0	[]	0.0
6615512703	0	[]	0	0.0	[]	0.0
6697109237	0	[]	0	0.0	[]	0.0
6697111215	0	[]	0	0.0	[]	0.0
6697115285	0	[]	0	0.0	[]	0.0
6794777846	0	[]	0	0.0	[]	0.0
6887226254	0	[]	0	0.0	[]	0.0
6913937388	0	[]	0	0.0	[]	0.0
6915127449	0	[]	0	0.0	[]	0.0
6966482034	0.9390169978141785	[[125.45624  53.86674 136.39204  66.65076]]	1	139.80351	[139.80351]	0.0062134894476996525
7027661121	0	[]	0	0.0	[]	0.0
7033322117	0	[]	0	0.0	[]	0.0
7033322435	0	[]	0	0.0	[]	0.0
7033322689	0	[]	0	0.0	[]	0.0
7033324795	0	[]	0	0.0	[]	0.0
7033324925	0	[]	0	0.0	[]	0.0
7076059033	0	[]	0	0.0	[]	0.0
7159205945	0	[]	0	0.0	[]	0.0
7185902413	0	[]	0	0.0	[]	0.0
7188954257	0	[]	0	0.0	[]	0.0
7198183956	0	[]	0	0.0	[]	0.0
7285843902	0	[]	0	0.0	[]	0.0
7314053494	0	[]	0	0.0	[]	0.0
7413119256	0	[]	0	0.0	[]	0.0
7481494322	0	[]	0	0.0	[]	0.0
7481517972	0	[]	0	0.0	[]	0.0
7490259684	0	[]	0	0.0	[]	0.0
7560728426	0	[]	0	0.0	[]	0.0
7589134238	0	[]	0	0.0	[]	0.0
7675560254	0	[]	0	0.0	[]	0.0
7675575084	0	[]	0	0.0	[]	0.0
7675579332	0	[]	0	0.0	[]	0.0
7762552060	0	[]	0	0.0	[]	0.0
8149352663	0	[]	0	0.0	[]	0.0
8421276340	0	[]	0	0.0	[]	0.0
8553130114	0	[]	0	0.0	[]	0.0
8593872962	0	[]	0	0.0	[]	0.0
8593873596	0	[]	0	0.0	[]	0.0
8661816626	0	[]	0	0.0	[]	0.0
8661929467	0	[]	0	0.0	[]	0.0
8674927384	0	[]	0	0.0	[]	0.0
8677077743	0	[]	0	0.0	[]	0.0
8754223002	0	[]	0	0.0	[]	0.0
8754223392	0	[]	0	0.0	[]	0.0
8805844774	0	[]	0	0.0	[]	0.0
10498003185	0	[]	0	0.0	[]	0.0
10940133404	0	[]	0	0.0	[]	0.0
12698588205	0.9992955923080444	[[14.220959 46.376534 28.993248 67.810394]]	1	316.6272	[316.6272]	0.014072319878472222
16123036102	0.7980406880378723	[[ 50.908195  87.593506  65.647125 108.73346 ]]	1	311.5803	[311.5803]	0.013848012966579861
16566883453	0	[]	0	0.0	[]	0.0
16951642974	0	[]	0	0.0	[]	0.0
16953797263	0	[]	0	0.0	[]	0.0
17371905390	0.9966011047363281	[[101.09004   34.229454 114.653854  54.503986]]	1	274.99994	[274.99994]	0.012222219509548611
17387877269	0	[]	0	0.0	[]	0.0
205102594	0	[]	0	0.0	[]	0.0
20641933152	0.9968487620353699	[[115.58344   25.485733 131.27885   48.100105]]	1	354.9419	[354.9419]	0.0157751953125
2109628262	0.9638755321502686	[[116.33026   27.983824 126.226204  41.175404]]	1	130.54312	[130.54312]	0.00580191650390625
2256706341	0	[]	0	0.0	[]	0.0
2265897321	0	[]	0	0.0	[]	0.0
2266260083	0	[]	0	0.0	[]	0.0
2271494119	0	[]	0	0.0	[]	0.0
2365359401	0.8636383414268494	[[ 67.69954  -16.347534  94.61864   25.865248]]	1	1136.3301	[1136.3301]	0.05050355902777778
2384612287	0.9999247789382935	[[111.21238     1.1887355 163.43495    71.4083   ]]	1	3667.0464	[3667.0464]	0.16297983940972222
24523237870	0	[]	0	0.0	[]	0.0
24679671769	0	[]	0	0.0	[]	0.0
24954032931	0	[]	0	0.0	[]	0.0
25020746955	0	[]	0	0.0	[]	0.0
26726625075	0	[]	0	0.0	[]	0.0
268453133	0	[]	0	0.0	[]	0.0
27793507576	0	[]	0	0.0	[]	0.0
317780866	0	[]	0	0.0	[]	0.0
3178197463	0	[]	0	0.0	[]	0.0
318335858	0	[]	0	0.0	[]	0.0
3272047516	0	[]	0	0.0	[]	0.0
3450362209	0	[]	0	0.0	[]	0.0
3720934762	0	[]	0	0.0	[]	0.0
3941650623	0	[]	0	0.0	[]	0.0
4192563965	0	[]	0	0.0	[]	0.0
4193324846	0	[]	0	0.0	[]	0.0
450569077	0	[]	0	0.0	[]	0.0
4605205053	0	[]	0	0.0	[]	0.0
4976905339	0	[]	0	0.0	[]	0.0
4977518164	0.9999833106994629	[[117.10912    9.276143 144.25717   39.138477]]	1	810.7041	[810.7041]	0.036031293402777775
5073833819	0	[]	0	0.0	[]	0.0
5073838727	0.9609290361404419	[[ 97.34028    7.058303 113.31755   24.37228 ]]	1	276.6301	[276.6301]	0.012294670952690972
5139047983	0	[]	0	0.0	[]	0.0
5177536882	0	[]	0	0.0	[]	0.0
5177538964	0	[]	0	0.0	[]	0.0
5346707367	0	[]	0	0.0	[]	0.0
5372989865	0	[]	0	0.0	[]	0.0
5407427176	0	[]	0	0.0	[]	0.0
5594468639	0	[]	0	0.0	[]	0.0
5594471777	0	[]	0	0.0	[]	0.0
5712854649	0	[]	0	0.0	[]	0.0
5874238420	0	[]	0	0.0	[]	0.0
5978044908	0	[]	0	0.0	[]	0.0
6095145889	0	[]	0	0.0	[]	0.0
6331108625	0.8103646636009216	[[103.014114  86.504486 119.843895 108.4716  ]]	1	369.70175	[369.70175]	0.01643118896484375
6481424393	0	[]	0	0.0	[]	0.0
6817126121	0	[]	0	0.0	[]	0.0
6887228978	0	[]	0	0.0	[]	0.0
8334394841	0	[]	0	0.0	[]	0.0
8405864973	0	[]	0	0.0	[]	0.0
8419678229	0	[]	0	0.0	[]	0.0
9339674509	0	[]	0	0.0	[]	0.0
9479525371	0	[]	0	0.0	[]	0.0
1481281689	0	[]	0	0.0	[]	0.0
15960888	0	[]	0	0.0	[]	0.0
16951685944	0	[]	0	0.0	[]	0.0
17547812006	0	[]	0	0.0	[]	0.0
17547817276	0	[]	0	0.0	[]	0.0
17547940136	0	[]	0	0.0	[]	0.0
17574326155	0	[]	0	0.0	[]	0.0
18073722141	0	[]	0	0.0	[]	0.0
1921414396	0	[]	0	0.0	[]	0.0
20969658569	0	[]	0	0.0	[]	0.0
2108822181	0	[]	0	0.0	[]	0.0
21930424079	0	[]	0	0.0	[]	0.0
2369781043	0	[]	0	0.0	[]	0.0
2370632100	0	[]	0	0.0	[]	0.0
2382752789	0	[]	0	0.0	[]	0.0
2482600107	0	[]	0	0.0	[]	0.0
2905511107	0	[]	0	0.0	[]	0.0
3223288241	0	[]	0	0.0	[]	0.0
330503106	0	[]	0	0.0	[]	0.0
3793064788	0.7847739458084106	[[ 68.05543  53.59159 119.97004 120.09758]]	1	3452.6326	[3452.6326]	0.15345033637152777
4193322828	0	[]	0	0.0	[]	0.0
4605205947	0	[]	0	0.0	[]	0.0
4605211127	0	[]	0	0.0	[]	0.0
4605823710	0	[]	0	0.0	[]	0.0
4605824334	0	[]	0	0.0	[]	0.0
4605827260	0	[]	0	0.0	[]	0.0
4605829498	0	[]	0	0.0	[]	0.0
4621691227	0	[]	0	0.0	[]	0.0
4935154958	0	[]	0	0.0	[]	0.0
4962693755	0	[]	0	0.0	[]	0.0
4963294766	0	[]	0	0.0	[]	0.0
5140418880	0	[]	0	0.0	[]	0.0
5172936956	0	[]	0	0.0	[]	0.0
5178698229	0	[]	0	0.0	[]	0.0
5188205529	0	[]	0	0.0	[]	0.0
5594476853	0	[]	0	0.0	[]	0.0
5594689095	0	[]	0	0.0	[]	0.0
5603204116	0	[]	0	0.0	[]	0.0
6121929333	0	[]	0	0.0	[]	0.0
6201451380	0	[]	0	0.0	[]	0.0
6201540266	0	[]	0	0.0	[]	0.0
6233610174	0	[]	0	0.0	[]	0.0
6341357941	0	[]	0	0.0	[]	0.0
6697113519	0	[]	0	0.0	[]	0.0
6887226968	0.9526184797286987	[[-0.79844314 13.857572   34.778976   68.406586  ]]	1	1940.7131	[1940.7131]	0.08625391710069444
8420193211	0	[]	0	0.0	[]	0.0
8680176477	0	[]	0	0.0	[]	0.0
10203503854	0	[]	0	0.0	[]	0.0
10847135524	0	[]	0	0.0	[]	0.0
11123030443	0.8641439080238342	[[130.23177   19.781143 154.75084   48.529972]]	1	704.89465	[704.89465]	0.031328651258680555
11150101293	0	[]	0	0.0	[]	0.0
11646413854	0	[]	0	0.0	[]	0.0
12438029203	0	[]	0	0.0	[]	0.0
13199768733	0	[]	0	0.0	[]	0.0
13664193723	0	[]	0	0.0	[]	0.0
13889569538	0	[]	0	0.0	[]	0.0
205119588	0	[]	0	0.0	[]	0.0
22094337262	0	[]	0	0.0	[]	0.0
2369798355	0	[]	0	0.0	[]	0.0
2398722044	0	[]	0	0.0	[]	0.0
24774413851	0	[]	0	0.0	[]	0.0
257516112	0	[]	0	0.0	[]	0.0
28238436914	0	[]	0	0.0	[]	0.0
30485498870	0	[]	0	0.0	[]	0.0
3055276449	0	[]	0	0.0	[]	0.0
30669433682	0	[]	0	0.0	[]	0.0
30788158176	0	[]	0	0.0	[]	0.0
315461588	0	[]	0	0.0	[]	0.0
32716306681	0	[]	0	0.0	[]	0.0
347073393	0	[]	0	0.0	[]	0.0
3624087779	0	[]	0	0.0	[]	0.0
3689329391	0	[]	0	0.0	[]	0.0
3793111612	0	[]	0	0.0	[]	0.0
385379115	0	[]	0	0.0	[]	0.0
41916860	0	[]	0	0.0	[]	0.0
4274290723	0	[]	0	0.0	[]	0.0
4560470437	0	[]	0	0.0	[]	0.0
5347243943	0	[]	0	0.0	[]	0.0
5448799722	0	[]	0	0.0	[]	0.0
5496898321	0	[]	0	0.0	[]	0.0
5567475634	0	[]	0	0.0	[]	0.0
5716623453	0	[]	0	0.0	[]	0.0
5873705797	0	[]	0	0.0	[]	0.0
5919419580	0	[]	0	0.0	[]	0.0
5919446472	0	[]	0	0.0	[]	0.0
6037304301	0	[]	0	0.0	[]	0.0
6045077471	0	[]	0	0.0	[]	0.0
6090498164	0	[]	0	0.0	[]	0.0
6113807262	0	[]	0	0.0	[]	0.0
6114698559	0	[]	0	0.0	[]	0.0
6203130642	0	[]	0	0.0	[]	0.0
6622883363	0	[]	0	0.0	[]	0.0
6697117547	0	[]	0	0.0	[]	0.0
6797392725	0	[]	0	0.0	[]	0.0
7166898196	0	[]	0	0.0	[]	0.0
7187748619	0	[]	0	0.0	[]	0.0
7275465620	0	[]	0	0.0	[]	0.0
7762555378	0	[]	0	0.0	[]	0.0
8267287716	0	[]	0	0.0	[]	0.0
8327358394	0	[]	0	0.0	[]	0.0
8329482706	0	[]	0	0.0	[]	0.0
8408966116	0	[]	0	0.0	[]	0.0
8432192367	0	[]	0	0.0	[]	0.0
8483475478	0	[]	0	0.0	[]	0.0
8566347904	0	[]	0	0.0	[]	0.0
8754218276	0	[]	0	0.0	[]	0.0
8856567999	0	[]	0	0.0	[]	0.0
9672996971	0	[]	0	0.0	[]	0.0
9893879004	0	[]	0	0.0	[]	0.0
105262408	0	[]	0	0.0	[]	0.0
11688273114	0	[]	0	0.0	[]	0.0
13950153608	0	[]	0	0.0	[]	0.0
14057411827	0	[]	0	0.0	[]	0.0
14288144756	0	[]	0	0.0	[]	0.0
15004105359	0	[]	0	0.0	[]	0.0
158371189	0	[]	0	0.0	[]	0.0
16067383426	0	[]	0	0.0	[]	0.0
16127694982	0	[]	0	0.0	[]	0.0
16268856820	0	[]	0	0.0	[]	0.0
17303441818	0	[]	0	0.0	[]	0.0
17547871466	0	[]	0	0.0	[]	0.0
17571926792	0	[]	0	0.0	[]	0.0
17885091020	0	[]	0	0.0	[]	0.0
205102592	0.7964798	[[121.47595 136.04932 145.58708 162.06276]]	1	627.2135	[627.2135]	0.027876155598958334
212282179	0	[]	0	0.0	[]	0.0
2235128727	0	[]	0	0.0	[]	0.0
2235130125	0	[]	0	0.0	[]	0.0
23201839553	0	[]	0	0.0	[]	0.0
2339133917	0	[]	0	0.0	[]	0.0
2370613222	0	[]	0	0.0	[]	0.0
2377779566	0	[]	0	0.0	[]	0.0
26485297882	0	[]	0	0.0	[]	0.0
268452609	0	[]	0	0.0	[]	0.0
268452635	0	[]	0	0.0	[]	0.0
268452797	0	[]	0	0.0	[]	0.0
268452831	0.92859954	[[ 79.70848   23.629562 120.07504   74.914986]]	1	2070.2163	[2070.2163]	0.09200961371527777
2712577105	0	[]	0	0.0	[]	0.0
27743441744	0	[]	0	0.0	[]	0.0
2791983293	0	[]	0	0.0	[]	0.0
2905507673	0	[]	0	0.0	[]	0.0
2905510271	0	[]	0	0.0	[]	0.0
292914119	0	[]	0	0.0	[]	0.0
29448955551	0	[]	0	0.0	[]	0.0
294578014	0	[]	0	0.0	[]	0.0
2989743862	0	[]	0	0.0	[]	0.0
30786655831	0	[]	0	0.0	[]	0.0
31879302980	0	[]	0	0.0	[]	0.0
3190578077	0	[]	0	0.0	[]	0.0
3224145884	0	[]	0	0.0	[]	0.0
33114539570	0	[]	0	0.0	[]	0.0
3359706152	0	[]	0	0.0	[]	0.0
3437549792	0	[]	0	0.0	[]	0.0
370811933	0	[]	0	0.0	[]	0.0
3829593701	0	[]	0	0.0	[]	0.0
4192560259	0	[]	0	0.0	[]	0.0
4244044894	0	[]	0	0.0	[]	0.0
4248692583	0	[]	0	0.0	[]	0.0
4257922475	0	[]	0	0.0	[]	0.0
4258799964	0	[]	0	0.0	[]	0.0
4308990127	0	[]	0	0.0	[]	0.0
4309751462	0	[]	0	0.0	[]	0.0
4325844234	0	[]	0	0.0	[]	0.0
4426740519	0	[]	0	0.0	[]	0.0
4535608179	0	[]	0	0.0	[]	0.0
4605190677	0	[]	0	0.0	[]	0.0
4605196913	0	[]	0	0.0	[]	0.0
4605198321	0	[]	0	0.0	[]	0.0
4605220095	0	[]	0	0.0	[]	0.0
4605830716	0	[]	0	0.0	[]	0.0
4622301424	0	[]	0	0.0	[]	0.0
4976892763	0	[]	0	0.0	[]	0.0
4976894191	0	[]	0	0.0	[]	0.0
4976904965	0	[]	0	0.0	[]	0.0
4977417653	0	[]	0	0.0	[]	0.0
4977516166	0	[]	0	0.0	[]	0.0
4977802918	0	[]	0	0.0	[]	0.0
5022301467	0	[]	0	0.0	[]	0.0
5115407879	0	[]	0	0.0	[]	0.0
5139047751	0.912979	[[ 33.521038 119.50224   45.187714 132.36107 ]]	1	150.01974	[150.01974]	0.006667544216579861
5140412260	0	[]	0	0.0	[]	0.0
5223564498	0	[]	0	0.0	[]	0.0
5307318406	0	[]	0	0.0	[]	0.0
5324400029	0	[]	0	0.0	[]	0.0
5336542659	0	[]	0	0.0	[]	0.0
5367567025	0	[]	0	0.0	[]	0.0
5367599173	0	[]	0	0.0	[]	0.0
5367613471	0	[]	0	0.0	[]	0.0
5368182432	0	[]	0	0.0	[]	0.0
5453045120	0	[]	0	0.0	[]	0.0
5496894965	0	[]	0	0.0	[]	0.0
5520940056	0	[]	0	0.0	[]	0.0
5520940100	0	[]	0	0.0	[]	0.0
5594473237	0	[]	0	0.0	[]	0.0
5594674849	0	[]	0	0.0	[]	0.0
5594680575	0.85493493	"[[ 16.597918  45.64645   44.27587   79.94007 ]
 [ 86.745995 111.18364  102.395004 131.5627  ]]"	2	1268.0894	[949.17725, 318.91208]	0.05635952690972222
5594683239	0	[]	0	0.0	[]	0.0
5685933523	0	[]	0	0.0	[]	0.0
5685940419	0	[]	0	0.0	[]	0.0
5686498444	0	[]	0	0.0	[]	0.0
5717111396	0	[]	0	0.0	[]	0.0
5873703573	0	[]	0	0.0	[]	0.0
5877917033	0	[]	0	0.0	[]	0.0
6201032895	0	[]	0	0.0	[]	0.0
6341358915	0	[]	0	0.0	[]	0.0
6481422739	0	[]	0	0.0	[]	0.0
6481423193	0	[]	0	0.0	[]	0.0
6697112277	0	[]	0	0.0	[]	0.0
6697116361	0	[]	0	0.0	[]	0.0
6697180613	0	[]	0	0.0	[]	0.0
6779285153	0	[]	0	0.0	[]	0.0
6794778748	0	[]	0	0.0	[]	0.0
6913255990	0	[]	0	0.0	[]	0.0
7481818028	0	[]	0	0.0	[]	0.0
7798411872	0	[]	0	0.0	[]	0.0
8428501102	0	[]	0	0.0	[]	0.0
8494738536	0	[]	0	0.0	[]	0.0
8593872000	0	[]	0	0.0	[]	0.0
8753063051	0	[]	0	0.0	[]	0.0
12930460724	0.9979049	[[ 88.751274  41.39055  105.70158   68.73786 ]]	1	463.54523	[463.54523]	0.020602010091145834
13598923544	0.9993612	[[ 57.28035  49.24824 105.98112 109.33462]]	1	2926.2527	[2926.2527]	0.13005567491319445
13952148488	0	[]	0	0.0	[]	0.0
14436992152	0.99922264	[[46.77941  51.066486 85.1968   97.48389 ]]	1	1783.2354	[1783.2354]	0.07925490451388889
15072123646	0	[]	0	0.0	[]	0.0
15078017328	0.93681437	[[68.155876 44.25991  79.12442  59.305904]]	1	165.03264	[165.03264]	0.007334783935546875
15078561064	0.8798558	[[69.61594  45.664062 90.07519  72.787094]]	1	554.91693	[554.91693]	0.024662974717881946
1508555573	0	[]	0	0.0	[]	0.0
16951637524	0.9922001	[[54.753365 14.900347 67.71271  29.849802]]	1	193.73512	[193.73512]	0.008610449896918403
17386385278	0.9648415	[[ 98.79102  38.86197 117.92143  68.33665]]	1	563.8627	[563.8627]	0.025060563151041666
17386466458	0	[]	0	0.0	[]	0.0
17386628990	0.97681445	[[33.770607 24.942177 48.073074 44.245815]]	1	276.08966	[276.08966]	0.012270651584201389
17387925439	0	[]	0	0.0	[]	0.0
17571934852	0.9461806	[[75.62715  29.42605  85.812386 43.46747 ]]	1	143.01514	[143.01514]	0.006356228298611111
17574101951	0	[]	0	0.0	[]	0.0
17574190941	0.98007375	[[28.035896  5.478751 50.365818 40.808563]]	1	788.9119	[788.9119]	0.03506275227864583
17574210731	0	[]	0	0.0	[]	0.0
201754890	0.9998503	"[[ 27.231718  69.14988   47.932102  99.17053 ]
 [ 64.77631   48.900234  81.81367   71.761   ]
 [ 95.99561   65.30708  112.08162   88.81687 ]]"	3	1389.1046	[621.439, 389.48697, 378.1786]	0.061737982855902776
21116454103	0	[]	0	0.0	[]	0.0
21923600125	0.79911894	[[78.81169 75.34744 99.00022 99.76844]]	1	493.02405	[493.02405]	0.021912179904513888
2271489489	0	[]	0	0.0	[]	0.0
2301213859	0.9999347	[[67.98524  16.467663 90.24856  42.167603]]	1	572.166	[572.166]	0.025429600694444443
23321453414	0	[]	0	0.0	[]	0.0
23460713979	0.9910459	[[ 98.95523  59.68765 108.23655  74.4483 ]]	1	136.99834	[136.99834]	0.006088814968532986
2365366157	0.9833225	[[67.61092 14.70573 86.98494 42.31417]]	1	534.88635	[534.88635]	0.02377272677951389
23720144522	0	[]	0	0.0	[]	0.0
2379225741	0.9186146	[[19.809143 61.97102  32.73091  81.901985]]	1	257.5433	[257.5433]	0.011446369086371528
2388598385	0.98945206	[[ 93.55837   14.204103 116.712906  48.53182 ]]	1	794.84216	[794.84216]	0.035326318359375
2388609877	0.9994081	[[15.000374 18.040812 37.988155 52.52543 ]]	1	792.7249	[792.7249]	0.03523221842447917
2407966802	0.9978411	[[ 95.4706    44.413437 121.44468   71.03137 ]]	1	691.37646	[691.37646]	0.030727842881944443
243374393	0	[]	0	0.0	[]	0.0
24481433620	0.99231124	[[71.02208  39.918976 94.45668  70.32155 ]]	1	712.47217	[712.47217]	0.0316654296875
24484207114	0.9994758	[[74.779    24.138058 92.65659  49.22206 ]]	1	448.44162	[448.44162]	0.019930738661024305
24706978546	0.9369516	[[104.6914   60.7393  117.63769  74.69223]]	1	180.63867	[180.63867]	0.008028385416666667
2480954331	0	[]	0	0.0	[]	0.0
25088560836	0	[]	0	0.0	[]	0.0
2516729883	0.83566564	[[74.668976 20.27604  99.21709  55.22073 ]]	1	857.8262	[857.8262]	0.03812560763888889
2517551932	0.76503575	[[52.033607 63.38224  70.54884  87.475815]]	1	446.0982	[446.0982]	0.0198265869140625
2517552688	0.99747497	[[ 99.866554  15.928875 117.39258   34.433308]]	1	324.30914	[324.30914]	0.014413739691840278
257665641	0.9989491	"[[ 31.426517  53.41366   56.00623   81.66453 ]
 [105.5334    11.968661 124.42006   36.08504 ]]"	2	1149.876	[694.39825, 455.47778]	0.05110559895833333
26087070104	0	[]	0	0.0	[]	0.0
2712577499	0	[]	0	0.0	[]	0.0
2712577611	0	[]	0	0.0	[]	0.0
2712577747	0	[]	0	0.0	[]	0.0
27439179414	0	[]	0	0.0	[]	0.0
29219277953	0.9998913	[[15.456259 16.242601 49.54183  56.65254 ]]	1	1377.3958	[1377.3958]	0.061217588975694445
30150816463	0	[]	0	0.0	[]	0.0
3063274479	0	[]	0	0.0	[]	0.0
3064024386	0.9999343	"[[38.948536 30.474808 53.780067 52.30381 ]
 [76.93796  32.38208  89.9686   53.792694]]"	2	602.7515	[323.75754, 278.994]	0.026788956705729165
30669379512	0	[]	0	0.0	[]	0.0
30698042071	0	[]	0	0.0	[]	0.0
30720107581	0	[]	0	0.0	[]	0.0
31452971653	0.9999869	[[100.12186  41.12683 122.54438  68.94877]]	1	623.8381	[623.8381]	0.027726136610243056
317780777	0.98392755	[[ 96.7636    28.100613 111.81899   49.50267 ]]	1	322.2163	[322.2163]	0.01432072482638889
3191426832	0.9995402	"[[  6.458418  20.943064  26.228733  49.750496]
 [117.13558   58.88304  133.90228   78.51426 ]
 [ 43.291145  19.750626  55.766483  42.29897 ]]"	3	1179.981	[569.53204, 329.15076, 281.29822]	0.05244359809027778
31989085612	0.7234329	"[[ 39.57361   88.71691   83.19154  148.46817 ]
 [ 80.69731   76.8552   103.570755 102.28953 ]]"	2	3187.997	[2606.2266, 581.7706]	0.14168875868055555
32854293965	0	[]	0	0.0	[]	0.0
3368683514	0	[]	0	0.0	[]	0.0
3450387577	0.9557131	[[26.067005 48.580147 39.326347 66.830986]]	1	241.99413	[241.99413]	0.010755294460720486
3451209594	0.97704256	"[[ 57.29662   62.575863  70.96751   77.556175]
 [ 31.446646  29.49221   42.539402  42.048462]
 [106.4389    17.144234 116.91513   29.005869]
 [116.68438   36.159935 126.55818   47.989384]]"	4	585.1444	[204.79416, 139.28343, 124.26518, 116.801636]	0.02600641818576389
3500540109	0.7343265	[[102.00394   19.519503 115.33414   43.21427 ]]	1	315.85602	[315.85602]	0.014038045247395834
3643597546	0.98317516	[[103.662056  20.577757 119.770905  45.982735]]	1	409.24493	[409.24493]	0.018188663736979166
3745347099	0	[]	0	0.0	[]	0.0
3845740449	0	[]	0	0.0	[]	0.0
4052145495	0	[]	0	0.0	[]	0.0
4120586728	0	[]	0	0.0	[]	0.0
4273227339	0	[]	0	0.0	[]	0.0
4273973696	0	[]	0	0.0	[]	0.0
4273976688	0	[]	0	0.0	[]	0.0
4424881020	0	[]	0	0.0	[]	0.0
4445185827	0.78286606	[[ 94.32834   27.829966 102.82112   40.714176]]	1	109.4228	[109.4228]	0.004863235473632812
4445959314	0	[]	0	0.0	[]	0.0
4605181399	0	[]	0	0.0	[]	0.0
4605817046	0	[]	0	0.0	[]	0.0
4910909489	0.99964535	[[64.56503  23.760279 92.35467  68.45847 ]]	1	1242.1466	[1242.1466]	0.05520651584201389
4934560899	0.93583345	[[57.651386 47.532524 82.54119  90.39599 ]]	1	1066.8633	[1066.8633]	0.04741614583333333
4976905743	0	[]	0	0.0	[]	0.0
5028831811	0	[]	0	0.0	[]	0.0
5073836187	0.99996436	"[[ 75.60967   30.824266 115.105606  73.23489 ]
 [ 44.882523  40.630157  74.619354  72.404305]]"	2	2619.91	[1675.0474, 944.8625]	0.11644044053819444
5074428682	0	[]	0	0.0	[]	0.0
5107364581	0.96485305	"[[55.989765 65.44637  67.347    81.19475 ]
 [77.18557  53.590996 88.53777  67.87026 ]]"	2	340.95914	[178.858, 162.10114]	0.015153739420572916
5156980685	0	[]	0	0.0	[]	0.0
5156981231	0.99948174	"[[41.30356  16.141874 57.585716 35.783623]
 [56.969036 47.295753 68.326675 60.789124]]"	2	473.06287	[319.81006, 153.25282]	0.021025016276041666
5282877253	0.9999994	[[54.333897 20.379538 90.17072  75.55751 ]]	1	1977.4033	[1977.4033]	0.08788459201388889
5306731253	0.9995352	[[31.759035 37.813408 54.154743 63.844936]]	1	582.9945	[582.9945]	0.025910866970486113
5336372240	0	[]	0	0.0	[]	0.0
5361271486	0	[]	0	0.0	[]	0.0
5361302182	0.99910176	[[48.71948  40.285427 61.07684  58.945892]]	1	230.5941	[230.5941]	0.010248626708984375
5364204093	0	[]	0	0.0	[]	0.0
5372950279	0.99992	[[75.37362  11.597109 96.11326  34.893757]]	1	483.16406	[483.16406]	0.021473958333333334
5457876950	0	[]	0	0.0	[]	0.0
5539913341	0	[]	0	0.0	[]	0.0
5540485881	0	[]	0	0.0	[]	0.0
5574402879	0	[]	0	0.0	[]	0.0
5595270486	0	[]	0	0.0	[]	0.0
5596521790	0.9960951	[[34.94062  34.11971  53.03367  63.723392]]	1	535.62085	[535.62085]	0.02380537109375
5685942747	0	[]	0	0.0	[]	0.0
5715494634	0.9999894	"[[ -0.95073795  31.27506     43.707115    93.13259   ]
 [115.505554    66.42076    132.77354     89.783615  ]]"	2	3165.8538	[2762.4243, 403.42953]	0.14070461154513889
5873700307	0	[]	0	0.0	[]	0.0
5990199485	0.9999106	[[72.18043  18.683132 99.80411  47.02872 ]]	1	783.00946	[783.00946]	0.034800420464409725
6014826492	0	[]	0	0.0	[]	0.0
6017510954	0	[]	0	0.0	[]	0.0
6186286518	0.99309677	[[60.901096 43.704647 74.986015 60.633842]]	1	238.44635	[238.44635]	0.010597615559895834
6233601734	0.97525984	[[68.21916  48.678036 93.17388  79.45308 ]]	1	767.9826	[767.9826]	0.03413256022135416
6481374203	0	[]	0	0.0	[]	0.0
6481375353	0	[]	0	0.0	[]	0.0
6481376019	0	[]	0	0.0	[]	0.0
6481422493	0.99849474	[[ 97.479614  36.31604  107.19334   46.96102 ]]	1	103.40239	[103.40239]	0.004595661756727431
6481422993	0	[]	0	0.0	[]	0.0
6481423449	0.99635786	[[80.48149  40.138256 94.689514 62.50672 ]]	1	317.81168	[317.81168]	0.01412496337890625
6481424183	0.9919917	[[74.90273  42.420063 88.0882   61.11339 ]]	1	246.48033	[246.48033]	0.010954681396484376
6492562327	0.73238146	[[ 94.6205    55.740032 113.43658   76.54288 ]]	1	391.42795	[391.42795]	0.017396797688802083
6591832429	0	[]	0	0.0	[]	0.0
6777566335	0	[]	0	0.0	[]	0.0
6915112097	0.9554914	[[75.61946  42.669594 87.6929   60.455112]]	1	214.7324	[214.7324]	0.009543662516276042
7180452355	0	[]	0	0.0	[]	0.0
7278456022	0	[]	0	0.0	[]	0.0
7303139198	0	[]	0	0.0	[]	0.0
7413124252	0.957774	[[58.970264 63.4017   70.84652  76.30089 ]]	1	153.19406	[153.19406]	0.006808624945746528
7481521050	0	[]	0	0.0	[]	0.0
74834091	0.99979264	"[[ 13.459616  37.18568   33.2343    70.30308 ]
 [128.12411   31.417538 145.80882   60.338478]]"	2	1166.3445	[654.88605, 511.45837]	0.051837532552083336
7692777316	0	[]	0	0.0	[]	0.0
8101935574	0.9989336	[[ 92.5524    17.276052 109.88963   43.993492]]	1	463.2065	[463.2065]	0.02058695610894097
8149386661	0.9995722	[[40.38721 32.66428 65.01038 69.15586]]	1	898.5385	[898.5385]	0.03993504503038194
8210330401	0.9990953	[[ 7.271147 23.427591 21.990261 43.983047]]	1	302.5581	[302.5581]	0.013447026909722222
8489136984	0.72519153	[[118.63886   48.776264 128.14531   61.752647]]	1	123.3593	[123.3593]	0.005482635498046875
8498116763	0	[]	0	0.0	[]	0.0
8592771297	0	[]	0	0.0	[]	0.0
8593871560	0	[]	0	0.0	[]	0.0
8594850970	0.8632342	[[107.3034   53.89446 119.02019  67.47831]]	1	159.15912	[159.15912]	0.007073738606770834
8883369019	0	[]	0	0.0	[]	0.0
10880408743	0	[]	0	0.0	[]	0.0
1490889456	0	[]	0	0.0	[]	0.0
16126526181	0	[]	0	0.0	[]	0.0
16166233673	0	[]	0	0.0	[]	0.0
17387881879	0	[]	0	0.0	[]	0.0
2365359987	0	[]	0	0.0	[]	0.0
2370612460	0	[]	0	0.0	[]	0.0
2379231593	0.95473206	[[128.69543    6.513094 148.31526   26.483982]]	1	391.82538	[391.82538]	0.017414461263020833
2407930544	0	[]	0	0.0	[]	0.0
26572776893	0	[]	0	0.0	[]	0.0
2905511185	0	[]	0	0.0	[]	0.0
29987130136	0.9903653	"[[ 64.51982   14.423858  77.39311   30.789896]
 [ 19.522772  15.858312  31.221458  32.794914]
 [120.37966   22.286882 131.59004   37.217365]]"	3	576.1972	[210.68478, 198.13602, 167.37639]	0.0256087646484375
3263169957	0	[]	0	0.0	[]	0.0
3344029336	0	[]	0	0.0	[]	0.0
3450397107	0	[]	0	0.0	[]	0.0
3643590326	0	[]	0	0.0	[]	0.0
3746140852	0	[]	0	0.0	[]	0.0
4106323416	0	[]	0	0.0	[]	0.0
4192559625	0.9121012687683105	[[39.56326   7.355221 52.1847   23.37582 ]]	1	202.20305	[202.20305]	0.008986802164713542
4438119488	0	[]	0	0.0	[]	0.0
4605187669	0	[]	0	0.0	[]	0.0
5176932849	0	[]	0	0.0	[]	0.0
5360855693	0	[]	0	0.0	[]	0.0
5489875095	0.9985321760177612	[[64.06413  20.396593 83.8074   43.54274 ]]	1	456.98065	[456.98065]	0.02031025119357639
5594469319	0	[]	0	0.0	[]	0.0
5685993348	0	[]	0	0.0	[]	0.0
6037305111	0	[]	0	0.0	[]	0.0
6201534802	0	[]	0	0.0	[]	0.0
6233588000	0	[]	0	0.0	[]	0.0
6382881437	0	[]	0	0.0	[]	0.0
6697176903	0	[]	0	0.0	[]	0.0
6887229764	0	[]	0	0.0	[]	0.0
7762548070	0	[]	0	0.0	[]	0.0
8883313153	0	[]	0	0.0	[]	0.0
9255545664	0	[]	0	0.0	[]	0.0
105260920	0	[]	0	0.0	[]	0.0
105261380	0	[]	0	0.0	[]	0.0
12351144123	0	[]	0	0.0	[]	0.0
1412289196	0	[]	0	0.0	[]	0.0
14198144308	0	[]	0	0.0	[]	0.0
14969463840	0	[]	0	0.0	[]	0.0
14991309814	0	[]	0	0.0	[]	0.0
1533998221	0	[]	0	0.0	[]	0.0
15951117	0	[]	0	0.0	[]	0.0
16015066469	0	[]	0	0.0	[]	0.0
1828647329	0	[]	0	0.0	[]	0.0
1849587807	0	[]	0	0.0	[]	0.0
19441316030	0	[]	0	0.0	[]	0.0
20463628968	0	[]	0	0.0	[]	0.0
21706916406	0	[]	0	0.0	[]	0.0
21741827834	0	[]	0	0.0	[]	0.0
2301214199	0	[]	0	0.0	[]	0.0
2302007030	0	[]	0	0.0	[]	0.0
2302007280	0	[]	0	0.0	[]	0.0
23582293739	0	[]	0	0.0	[]	0.0
2365361967	0	[]	0	0.0	[]	0.0
2365363823	0	[]	0	0.0	[]	0.0
2366194976	0	[]	0	0.0	[]	0.0
2370647142	0	[]	0	0.0	[]	0.0
2517552464	0	[]	0	0.0	[]	0.0
268452732	0	[]	0	0.0	[]	0.0
27032501795	0	[]	0	0.0	[]	0.0
2791980493	0	[]	0	0.0	[]	0.0
294581165	0	[]	0	0.0	[]	0.0
30552581594	0	[]	0	0.0	[]	0.0
311981096	0	[]	0	0.0	[]	0.0
31335587770	0	[]	0	0.0	[]	0.0
31413970894	0	[]	0	0.0	[]	0.0
31413977144	0	[]	0	0.0	[]	0.0
31726710505	0	[]	0	0.0	[]	0.0
317780802	0	[]	0	0.0	[]	0.0
31879306910	0	[]	0	0.0	[]	0.0
3190576363	0	[]	0	0.0	[]	0.0
3191425012	0	[]	0	0.0	[]	0.0
3191426110	0	[]	0	0.0	[]	0.0
32037139252	0	[]	0	0.0	[]	0.0
3223287747	0	[]	0	0.0	[]	0.0
3374118636	0	[]	0	0.0	[]	0.0
3374118862	0	[]	0	0.0	[]	0.0
3395309395	0	[]	0	0.0	[]	0.0
3452174960	0	[]	0	0.0	[]	0.0
3630291070	0	[]	0	0.0	[]	0.0
370811925	0	[]	0	0.0	[]	0.0
4166645889	0	[]	0	0.0	[]	0.0
4224721166	0.8400737643241882	[[112.56748   69.92341  130.36807   91.786545]]	1	389.17673	[389.17673]	0.017296743435329862
4250573192	0	[]	0	0.0	[]	0.0
4387792483	0	[]	0	0.0	[]	0.0
4438436527	0	[]	0	0.0	[]	0.0
450655472	0	[]	0	0.0	[]	0.0
454100800	0	[]	0	0.0	[]	0.0
4605237923	0	[]	0	0.0	[]	0.0
4605844094	0	[]	0	0.0	[]	0.0
4605856530	0.7895755767822266	[[  0.2828784 113.994194   19.628204  139.02048  ]]	1	484.1416	[484.1416]	0.02151740451388889
4605857416	0	[]	0	0.0	[]	0.0
4665499211	0	[]	0	0.0	[]	0.0
4681989379	0	[]	0	0.0	[]	0.0
4822015926	0	[]	0	0.0	[]	0.0
4855871919	0	[]	0	0.0	[]	0.0
4856490428	0	[]	0	0.0	[]	0.0
4930083253	0	[]	0	0.0	[]	0.0
4934559837	0	[]	0	0.0	[]	0.0
4962690597	0	[]	0	0.0	[]	0.0
4963284288	0	[]	0	0.0	[]	0.0
4976893515	0	[]	0	0.0	[]	0.0
4977503900	0	[]	0	0.0	[]	0.0
4977507858	0	[]	0	0.0	[]	0.0
5139652336	0	[]	0	0.0	[]	0.0
5176933731	0	[]	0	0.0	[]	0.0
5176934307	0	[]	0	0.0	[]	0.0
5306737707	0	[]	0	0.0	[]	0.0
5336949860	0.8150695562362671	[[ 88.70589 125.59028 108.21451 150.77164]]	1	491.25357	[491.25357]	0.021833492024739585
5336960062	0	[]	0	0.0	[]	0.0
5338207527	0	[]	0	0.0	[]	0.0
5338207663	0.9793157577514648	[[111.01131  65.02031 132.2517   96.94895]]	1	678.1767	[678.1767]	0.0301411865234375
5367584131	0	[]	0	0.0	[]	0.0
550247	0	[]	0	0.0	[]	0.0
5503519246	0	[]	0	0.0	[]	0.0
5520227367	0	[]	0	0.0	[]	0.0
5636900897	0	[]	0	0.0	[]	0.0
5686503322	0	[]	0	0.0	[]	0.0
5713393168	0	[]	0	0.0	[]	0.0
5714163693	0	[]	0	0.0	[]	0.0
5716546791	0	[]	0	0.0	[]	0.0
5716547267	0	[]	0	0.0	[]	0.0
5873695327	0	[]	0	0.0	[]	0.0
5877915813	0	[]	0	0.0	[]	0.0
5972064568	0	[]	0	0.0	[]	0.0
6014824168	0	[]	0	0.0	[]	0.0
6062314433	0	[]	0	0.0	[]	0.0
6108692220	0	[]	0	0.0	[]	0.0
6126872246	0	[]	0	0.0	[]	0.0
6341361039	0	[]	0	0.0	[]	0.0
6342108560	0	[]	0	0.0	[]	0.0
6779245041	0	[]	0	0.0	[]	0.0
6779275055	0	[]	0	0.0	[]	0.0
6812359704	0	[]	0	0.0	[]	0.0
6826557164	0	[]	0	0.0	[]	0.0
7124596619	0	[]	0	0.0	[]	0.0
7352308612	0	[]	0	0.0	[]	0.0
7413106894	0	[]	0	0.0	[]	0.0
7462908536	0	[]	0	0.0	[]	0.0
8135243173	0	[]	0	0.0	[]	0.0
8509557073	0	[]	0	0.0	[]	0.0
8754214344	0	[]	0	0.0	[]	0.0
8754216854	0	[]	0	0.0	[]	0.0
9526228212	0	[]	0	0.0	[]	0.0
9605892189	0	[]	0	0.0	[]	0.0
